SEASON_ID,Player_ID,Game_ID,GAME_DATE,MATCHUP,WL,MIN,FGM,FGA,FG_PCT,FG3M,FG3A,FG3_PCT,FTM,FTA,FT_PCT,OREB,DREB,REB,AST,STL,BLK,TOV,PF,PTS,PLUS_MINUS,VIDEO_AVAILABLE
22021,203497,0022101230,"Apr 10, 2022",UTA @ POR,W,30,4,6,0.667,0,0,0.0,10,14,0.714,3,10,13,1,0,2,2,2,18,25,1
22021,203497,0022101210,"Apr 08, 2022",UTA vs. PHX,L,33,5,7,0.714,0,0,0.0,6,9,0.667,3,9,12,2,0,1,4,4,16,-4,1
22021,203497,0022101194,"Apr 06, 2022",UTA vs. OKC,W,26,9,9,1.0,0,0,0.0,2,4,0.5,2,8,10,1,1,2,0,2,20,33,1
22021,203497,0022101187,"Apr 05, 2022",UTA vs. MEM,W,34,5,8,0.625,0,0,0.0,12,18,0.667,6,15,21,0,1,1,3,5,22,0,1
22021,203497,0022101165,"Apr 02, 2022",UTA @ GSW,L,38,5,9,0.556,0,2,0.0,4,7,0.571,5,15,20,1,2,0,2,3,14,3,1
22021,203497,0022101150,"Mar 31, 2022",UTA vs. LAL,W,36,9,11,0.818,0,0,0.0,7,9,0.778,4,13,17,0,1,2,2,3,25,14,1
22021,203497,0022101135,"Mar 29, 2022",UTA @ LAC,L,38,4,7,0.571,0,0,0.0,1,6,0.167,4,12,16,1,2,3,3,5,9,-1,1
22021,203497,0022101100,"Mar 25, 2022",UTA @ CHA,L,37,5,7,0.714,0,0,0.0,1,2,0.5,2,17,19,1,0,1,1,4,11,-6,1
22021,203497,0022101087,"Mar 23, 2022",UTA @ BOS,L,30,4,6,0.667,0,0,0.0,6,6,1.0,4,7,11,1,1,0,1,1,14,-10,1
22021,203497,0022101075,"Mar 21, 2022",UTA @ BKN,L,31,4,5,0.8,0,0,0.0,3,4,0.75,0,4,4,1,0,0,1,1,11,-4,1
22021,203497,0022101067,"Mar 20, 2022",UTA @ NYK,W,33,2,3,0.667,0,0,0.0,10,12,0.833,3,6,9,0,0,4,1,2,14,12,1
22021,203497,0022101055,"Mar 18, 2022",UTA vs. LAC,W,27,8,11,0.727,0,0,0.0,3,3,1.0,8,8,16,2,0,1,2,0,19,28,1
22021,203497,0022101041,"Mar 16, 2022",UTA vs. CHI,W,33,5,8,0.625,0,0,0.0,4,6,0.667,6,14,20,2,1,4,1,3,14,10,1
22021,203497,0022101027,"Mar 14, 2022",UTA vs. MIL,L,32,6,8,0.75,0,0,0.0,6,8,0.75,4,10,14,0,1,0,2,2,18,-3,1
22021,203497,0022101002,"Mar 11, 2022",UTA @ SAS,L,32,2,3,0.667,0,0,0.0,9,10,0.9,4,12,16,1,0,5,3,4,13,-2,1
22021,203497,0022100990,"Mar 09, 2022",UTA vs. POR,W,22,4,4,1.0,0,0,0.0,1,4,0.25,1,9,10,1,0,0,1,4,9,24,1
22021,203497,0022100972,"Mar 07, 2022",UTA @ DAL,L,34,3,5,0.6,0,0,0.0,6,6,1.0,3,10,13,0,0,3,3,5,12,-4,1
22021,203497,0022100965,"Mar 06, 2022",UTA @ OKC,W,34,5,8,0.625,0,0,0.0,2,3,0.667,5,12,17,1,0,1,1,0,12,26,1
22021,203497,0022100950,"Mar 04, 2022",UTA @ NOP,L,25,4,4,1.0,0,0,0.0,2,6,0.333,4,7,11,1,1,0,1,1,10,-19,1
22021,203497,0022100935,"Mar 02, 2022",UTA @ HOU,W,38,12,14,0.857,0,0,0.0,3,4,0.75,6,11,17,1,1,2,2,4,27,-12,1
22021,203497,0022100913,"Feb 27, 2022",UTA @ PHX,W,29,5,13,0.385,0,0,0.0,6,8,0.75,7,7,14,1,0,3,0,1,16,-15,1
22021,203497,0022100903,"Feb 25, 2022",UTA vs. DAL,W,34,6,6,1.0,0,0,0.0,2,4,0.5,2,15,17,2,0,3,3,3,14,-5,1
22021,203497,0022100884,"Feb 16, 2022",UTA @ LAL,L,28,2,3,0.667,0,0,0.0,1,2,0.5,1,10,11,0,0,3,2,3,5,-27,1
22021,203497,0022100865,"Feb 14, 2022",UTA vs. HOU,W,22,7,8,0.875,0,0,0.0,0,0,0.0,0,7,7,2,0,1,1,2,14,19,1
22021,203497,0022100708,"Jan 23, 2022",UTA @ GSW,L,36,5,10,0.5,0,1,0.0,2,2,1.0,7,11,18,3,1,0,1,0,12,-5,1
22021,203497,0022100693,"Jan 21, 2022",UTA vs. DET,W,32,8,11,0.727,0,0,0.0,8,11,0.727,4,10,14,1,0,4,2,4,24,-5,1
22021,203497,0022100677,"Jan 19, 2022",UTA vs. HOU,L,37,9,13,0.692,0,0,0.0,5,7,0.714,4,5,9,4,2,2,1,3,23,2,1
22021,203497,0022100665,"Jan 17, 2022",UTA @ LAL,L,37,6,8,0.75,0,0,0.0,7,8,0.875,2,14,16,0,1,3,3,3,19,-10,1
22021,203497,0022100653,"Jan 16, 2022",UTA @ DEN,W,35,7,7,1.0,0,0,0.0,4,7,0.571,7,12,19,2,0,2,3,2,18,36,1
22021,203497,0022100557,"Jan 03, 2022",UTA @ NOP,W,37,3,8,0.375,0,0,0.0,4,6,0.667,6,11,17,0,2,2,2,5,10,12,1
22021,203497,0022100544,"Jan 01, 2022",UTA vs. GSW,L,35,9,10,0.9,0,0,0.0,2,4,0.5,7,12,19,2,0,0,2,4,20,10,1
22021,203497,0022100537,"Dec 31, 2021",UTA vs. MIN,W,36,3,7,0.429,0,0,0.0,8,10,0.8,2,14,16,0,0,4,2,2,14,23,1
22021,203497,0022100523,"Dec 29, 2021",UTA @ POR,W,29,8,10,0.8,0,0,0.0,6,12,0.5,5,9,14,0,0,2,0,2,22,15,1
22021,203497,0022100504,"Dec 27, 2021",UTA @ SAS,W,26,5,7,0.714,0,0,0.0,6,6,1.0,1,12,13,2,1,3,0,4,16,11,1
22021,203497,0022100492,"Dec 25, 2021",UTA vs. DAL,W,34,4,6,0.667,0,0,0.0,2,3,0.667,5,6,11,1,2,2,2,3,10,3,1
22021,203497,0022100484,"Dec 23, 2021",UTA vs. MIN,W,35,8,14,0.571,0,0,0.0,4,9,0.444,7,10,17,2,1,4,3,3,20,9,1
22021,203497,0022100461,"Dec 20, 2021",UTA vs. CHA,W,36,4,10,0.4,0,0,0.0,15,16,0.938,7,14,21,2,1,1,4,2,23,4,1
22021,203497,0022100447,"Dec 18, 2021",UTA vs. WAS,L,38,4,4,1.0,0,0,0.0,3,6,0.5,1,18,19,1,0,6,4,4,11,-4,1
22021,203497,0022100437,"Dec 17, 2021",UTA vs. SAS,L,33,5,8,0.625,0,0,0.0,6,8,0.75,4,10,14,2,0,2,0,1,16,7,1
22021,203497,0022100425,"Dec 15, 2021",UTA vs. LAC,W,27,8,10,0.8,0,0,0.0,4,7,0.571,4,13,17,3,0,2,2,0,20,12,1
22021,203497,0022100392,"Dec 11, 2021",UTA @ WAS,W,28,9,10,0.9,0,0,0.0,2,2,1.0,4,7,11,0,0,1,0,3,20,14,1
22021,203497,0022100379,"Dec 09, 2021",UTA @ PHI,W,29,6,11,0.545,0,0,0.0,5,8,0.625,6,15,21,1,0,2,1,4,17,17,1
22021,203497,0022100374,"Dec 08, 2021",UTA @ MIN,W,31,4,4,1.0,0,0,0.0,5,7,0.714,2,8,10,0,0,1,0,4,13,25,1
22021,203497,0022100349,"Dec 05, 2021",UTA @ CLE,W,38,3,6,0.5,0,0,0.0,0,0,0.0,5,15,20,3,1,5,1,0,6,3,1
22021,203497,0022100339,"Dec 03, 2021",UTA vs. BOS,W,35,5,5,1.0,0,0,0.0,8,10,0.8,3,9,12,0,1,2,4,5,18,17,1
22021,203497,0022100312,"Nov 29, 2021",UTA vs. POR,W,32,9,11,0.818,0,0,0.0,3,4,0.75,3,13,16,3,1,1,0,3,21,29,1
22021,203497,0022100299,"Nov 27, 2021",UTA vs. NOP,W,27,2,4,0.5,0,0,0.0,2,4,0.5,1,7,8,1,1,2,4,1,6,20,1
22021,203497,0022100289,"Nov 26, 2021",UTA vs. NOP,L,37,2,3,0.667,0,0,0.0,5,10,0.5,3,7,10,2,0,3,3,5,9,-6,1
22021,203497,0022100276,"Nov 24, 2021",UTA @ OKC,W,39,5,7,0.714,0,0,0.0,5,6,0.833,3,14,17,0,2,5,2,0,15,13,1
22021,203497,0022100261,"Nov 22, 2021",UTA vs. MEM,L,33,9,10,0.9,0,0,0.0,5,6,0.833,2,11,13,0,0,5,0,3,23,10,1
22021,203497,0022100247,"Nov 20, 2021",UTA @ SAC,W,30,8,12,0.667,0,1,0.0,5,6,0.833,7,7,14,1,1,1,2,3,21,4,1
22021,203497,0022100229,"Nov 18, 2021",UTA vs. TOR,W,29,7,7,1.0,0,0,0.0,0,0,0.0,0,11,11,1,0,2,1,2,14,31,1
22021,203497,0022100211,"Nov 16, 2021",UTA vs. PHI,W,28,6,10,0.6,0,0,0.0,3,7,0.429,0,17,17,1,0,4,0,3,15,19,1
22021,203497,0022100185,"Nov 13, 2021",UTA vs. MIA,L,35,5,7,0.714,0,0,0.0,4,5,0.8,4,9,13,0,3,0,1,1,14,8,1
22021,203497,0022100172,"Nov 11, 2021",UTA vs. IND,L,31,7,10,0.7,0,0,0.0,5,7,0.714,1,10,11,0,0,1,2,2,19,-7,1
22021,203497,0022100156,"Nov 09, 2021",UTA vs. ATL,W,24,4,8,0.5,0,0,0.0,1,4,0.25,3,11,14,0,2,2,2,5,9,1,1
22021,203497,0022100141,"Nov 07, 2021",UTA @ ORL,L,34,7,9,0.778,0,0,0.0,7,8,0.875,5,10,15,1,3,4,4,3,21,-2,1
22021,203497,0022100134,"Nov 06, 2021",UTA @ MIA,L,29,4,5,0.8,0,0,0.0,0,2,0.0,2,6,8,0,0,1,1,1,8,-20,1
22021,203497,0022100120,"Nov 04, 2021",UTA @ ATL,W,33,5,6,0.833,0,0,0.0,3,7,0.429,1,14,15,3,2,0,2,2,13,18,1
22021,203497,0022100105,"Nov 02, 2021",UTA vs. SAC,W,33,3,4,0.75,0,0,0.0,6,9,0.667,1,19,20,1,1,4,3,4,12,10,1
22021,203497,0022100091,"Oct 31, 2021",UTA @ MIL,W,31,2,3,0.667,0,0,0.0,5,6,0.833,3,10,13,2,1,4,2,1,9,1,1
22021,203497,0022100083,"Oct 30, 2021",UTA @ CHI,L,32,7,9,0.778,0,0,0.0,3,4,0.75,7,12,19,1,1,3,0,4,17,-15,1
22021,203497,0022100068,"Oct 28, 2021",UTA @ HOU,W,28,5,7,0.714,0,0,0.0,6,8,0.75,1,13,14,1,0,1,2,2,16,13,1
22021,203497,0022100054,"Oct 26, 2021",UTA vs. DEN,W,33,7,8,0.875,0,0,0.0,9,16,0.563,3,13,16,0,0,1,4,4,23,10,1
22021,203497,0022100026,"Oct 22, 2021",UTA @ SAC,W,32,4,7,0.571,0,0,0.0,9,10,0.9,6,14,20,2,2,0,4,4,17,-9,1
22021,203497,0022100011,"Oct 20, 2021",UTA vs. OKC,W,29,6,9,0.667,0,0,0.0,4,6,0.667,5,16,21,0,0,1,1,1,16,20,1
22022,203497,0022201225,"Apr 09, 2023",MIN vs. NOP,W,13,1,1,1.0,0,0,0.0,0,0,0.0,0,3,3,0,0,0,0,0,2,-14,1
22022,203497,0022201214,"Apr 08, 2023",MIN @ SAS,W,29,4,5,0.8,0,0,0.0,2,5,0.4,2,11,13,5,1,4,1,2,10,6,1
22022,203497,0022201180,"Apr 04, 2023",MIN @ BKN,W,34,5,8,0.625,0,0,0.0,2,3,0.667,4,8,12,2,0,1,2,3,12,-5,1
22022,203497,0022201166,"Apr 02, 2023",MIN vs. POR,L,35,5,10,0.5,0,0,0.0,0,0,0.0,4,11,15,3,0,0,1,3,10,-6,1
22022,203497,0022201157,"Mar 31, 2023",MIN vs. LAL,L,31,6,9,0.667,0,0,0.0,2,2,1.0,5,6,11,1,2,0,1,3,14,4,1
22022,203497,0022201144,"Mar 29, 2023",MIN @ PHX,L,35,3,5,0.6,0,0,0.0,1,2,0.5,6,9,15,2,2,0,6,5,7,-2,1
22022,203497,0022201128,"Mar 27, 2023",MIN @ SAC,W,35,5,9,0.556,0,0,0.0,6,8,0.75,4,12,16,4,0,2,2,4,16,9,1
22022,203497,0022201121,"Mar 26, 2023",MIN @ GSW,W,34,1,3,0.333,0,0,0.0,8,12,0.667,4,14,18,2,0,1,4,5,10,-7,1
22022,203497,0022201090,"Mar 22, 2023",MIN vs. ATL,W,33,4,8,0.5,0,0,0.0,4,8,0.5,5,7,12,2,1,1,0,3,12,3,1
22022,203497,0022201073,"Mar 20, 2023",MIN @ NYK,W,37,7,9,0.778,0,0,0.0,2,5,0.4,2,5,7,3,1,1,0,1,16,12,1
22022,203497,0022201058,"Mar 18, 2023",MIN @ TOR,L,31,4,8,0.5,0,0,0.0,6,7,0.857,5,7,12,3,0,1,2,3,14,-16,1
22022,203497,0022201050,"Mar 17, 2023",MIN @ CHI,L,33,8,14,0.571,0,0,0.0,5,9,0.556,9,10,19,1,0,5,5,6,21,4,1
22022,203497,0022201039,"Mar 15, 2023",MIN vs. BOS,L,29,6,8,0.75,0,0,0.0,3,7,0.429,1,5,6,1,1,0,1,3,15,0,1
22022,203497,0022201021,"Mar 13, 2023",MIN @ ATL,W,30,5,10,0.5,0,0,0.0,4,5,0.8,2,6,8,4,1,3,0,2,14,25,1
22022,203497,0022201001,"Mar 10, 2023",MIN vs. BKN,L,42,12,15,0.8,0,0,0.0,2,6,0.333,5,8,13,4,4,1,1,3,26,5,1
22022,203497,0022200980,"Mar 07, 2023",MIN vs. PHI,L,25,2,6,0.333,0,0,0.0,2,4,0.5,1,8,9,2,2,1,2,2,6,-14,1
22022,203497,0022200961,"Mar 04, 2023",MIN @ SAC,W,31,5,9,0.556,0,0,0.0,3,4,0.75,4,10,14,0,0,2,1,4,13,11,1
22022,203497,0022200955,"Mar 03, 2023",MIN @ LAL,W,27,8,12,0.667,0,0,0.0,6,10,0.6,5,9,14,3,1,2,1,4,22,-1,1
22022,203497,0022200932,"Feb 28, 2023",MIN @ LAC,W,29,7,11,0.636,0,0,0.0,2,6,0.333,2,5,7,0,0,2,3,4,16,3,1
22022,203497,0022200898,"Feb 24, 2023",MIN vs. CHA,L,30,7,9,0.778,0,0,0.0,3,4,0.75,3,7,10,0,1,3,1,2,17,-7,1
22022,203497,0022200884,"Feb 16, 2023",MIN vs. WAS,L,36,8,15,0.533,0,0,0.0,1,2,0.5,7,12,19,1,0,3,2,3,17,4,1
22022,203497,0022200865,"Feb 13, 2023",MIN @ DAL,W,30,9,9,1.0,0,0,0.0,3,5,0.6,3,11,14,1,0,0,3,3,21,17,1
22022,203497,0022200841,"Feb 10, 2023",MIN @ MEM,L,30,2,4,0.5,0,0,0.0,4,4,1.0,2,8,10,2,0,2,1,3,8,-18,1
22022,203497,0022200820,"Feb 07, 2023",MIN @ DEN,L,19,0,2,0.0,0,0,0.0,0,0,0.0,1,4,5,0,0,1,1,2,0,-10,1
22022,203497,0022200806,"Feb 05, 2023",MIN vs. DEN,W,18,7,8,0.875,0,0,0.0,2,4,0.5,1,7,8,1,0,1,2,4,16,16,1
22022,203497,0022200790,"Feb 03, 2023",MIN vs. ORL,L,26,5,7,0.714,0,0,0.0,5,6,0.833,2,5,7,1,2,0,1,2,15,-4,1
22022,203497,0022200758,"Jan 30, 2023",MIN vs. SAC,L,40,7,9,0.778,0,0,0.0,5,10,0.5,1,13,14,1,1,0,3,3,19,5,1
22022,203497,0022200746,"Jan 28, 2023",MIN vs. SAC,W,36,3,5,0.6,0,0,0.0,7,9,0.778,2,12,14,1,1,1,2,2,13,6,1
22022,203497,0022200737,"Jan 27, 2023",MIN vs. MEM,W,31,3,5,0.6,0,0,0.0,1,2,0.5,2,11,13,1,1,3,3,4,7,5,1
22022,203497,0022200724,"Jan 25, 2023",MIN @ NOP,W,35,7,12,0.583,0,0,0.0,3,5,0.6,2,10,12,3,1,1,0,2,17,13,1
22022,203497,0022200709,"Jan 23, 2023",MIN @ HOU,L,36,5,8,0.625,0,0,0.0,5,7,0.714,6,10,16,1,0,4,2,3,15,-4,1
22022,203497,0022200662,"Jan 16, 2023",MIN vs. UTA,L,5,1,1,1.0,0,0,0.0,0,0,0.0,0,1,1,0,0,0,0,0,2,0,1
22022,203497,0022200645,"Jan 14, 2023",MIN vs. CLE,W,13,2,3,0.667,0,0,0.0,2,2,1.0,0,4,4,0,1,0,0,1,6,-1,1
22022,203497,0022200637,"Jan 13, 2023",MIN vs. PHX,W,32,1,1,1.0,0,0,0.0,2,4,0.5,1,11,12,1,4,1,5,5,4,3,1
22022,203497,0022200618,"Jan 11, 2023",MIN @ DET,L,32,6,8,0.75,0,0,0.0,4,6,0.667,4,10,14,0,2,0,2,2,16,0,1
22022,203497,0022200601,"Jan 08, 2023",MIN @ HOU,W,38,8,12,0.667,0,0,0.0,2,3,0.667,4,7,11,0,0,1,2,3,18,16,1
22022,203497,0022200587,"Jan 06, 2023",MIN vs. LAC,W,36,11,15,0.733,0,0,0.0,3,5,0.6,7,14,21,0,0,2,5,2,25,31,1
22022,203497,0022200571,"Jan 04, 2023",MIN vs. POR,W,35,6,10,0.6,0,0,0.0,5,7,0.714,3,9,12,1,2,3,1,4,17,-8,1
22022,203497,0022200557,"Jan 02, 2023",MIN vs. DEN,W,27,3,3,1.0,0,0,0.0,2,4,0.5,2,2,4,3,0,2,1,5,8,-4,1
22022,203497,0022200544,"Dec 31, 2022",MIN vs. DET,L,28,3,3,1.0,0,0,0.0,3,6,0.5,2,8,10,0,0,2,3,3,9,-8,1
22022,203497,0022200520,"Dec 28, 2022",MIN @ NOP,L,29,4,5,0.8,0,0,0.0,2,2,1.0,1,7,8,2,0,4,2,6,10,-6,1
22022,203497,0022200500,"Dec 26, 2022",MIN @ MIA,L,31,5,7,0.714,0,0,0.0,0,2,0.0,1,7,8,0,0,0,2,0,10,-14,1
22022,203497,0022200482,"Dec 23, 2022",MIN @ BOS,L,36,3,4,0.75,0,0,0.0,2,4,0.5,4,8,12,2,0,0,2,3,8,-23,1
22022,203497,0022200473,"Dec 21, 2022",MIN vs. DAL,L,38,9,11,0.818,0,0,0.0,1,3,0.333,5,10,15,0,2,2,1,1,19,-2,1
22022,203497,0022200423,"Dec 14, 2022",MIN @ LAC,L,32,3,5,0.6,0,0,0.0,5,7,0.714,4,9,13,0,0,2,3,3,11,-9,1
22022,203497,0022200407,"Dec 12, 2022",MIN @ POR,L,32,8,13,0.615,0,0,0.0,0,1,0.0,5,15,20,2,1,0,1,4,16,-9,1
22022,203497,0022200394,"Dec 10, 2022",MIN @ POR,L,36,9,11,0.818,0,0,0.0,6,9,0.667,1,8,9,2,4,1,1,4,24,7,1
22022,203497,0022200385,"Dec 09, 2022",MIN @ UTA,W,37,8,11,0.727,0,1,0.0,6,10,0.6,3,10,13,1,0,0,3,4,22,15,1
22022,203497,0022200370,"Dec 07, 2022",MIN vs. IND,W,31,6,12,0.5,0,0,0.0,4,5,0.8,5,16,21,1,3,2,2,3,16,15,1
22022,203497,0022200341,"Dec 03, 2022",MIN vs. OKC,L,9,3,3,1.0,0,0,0.0,0,2,0.0,2,2,4,0,0,0,0,2,6,-11,1
22022,203497,0022200317,"Nov 30, 2022",MIN vs. MEM,W,26,4,5,0.8,0,0,0.0,1,2,0.5,0,1,1,0,1,1,4,4,9,13,1
22022,203497,0022200300,"Nov 28, 2022",MIN @ WAS,L,29,7,7,1.0,0,0,0.0,5,5,1.0,4,3,7,0,0,1,1,3,19,-22,1
22022,203497,0022200291,"Nov 27, 2022",MIN vs. GSW,L,30,4,9,0.444,0,0,0.0,1,2,0.5,4,6,10,0,0,1,2,2,9,-8,1
22022,203497,0022200272,"Nov 25, 2022",MIN @ CHA,L,34,6,10,0.6,0,0,0.0,5,5,1.0,4,13,17,1,2,2,2,4,17,6,1
22022,203497,0022200262,"Nov 23, 2022",MIN @ IND,W,32,9,11,0.818,0,0,0.0,3,4,0.75,4,12,16,2,0,0,2,3,21,7,1
22022,203497,0022200252,"Nov 21, 2022",MIN vs. MIA,W,31,0,0,0.0,0,0,0.0,4,4,1.0,2,7,9,0,1,2,1,4,4,3,1
22022,203497,0022200237,"Nov 19, 2022",MIN @ PHI,W,28,4,7,0.571,0,0,0.0,0,0,0.0,5,8,13,1,1,0,0,5,8,-8,1
22022,203497,0022200212,"Nov 16, 2022",MIN @ ORL,W,32,5,7,0.714,0,0,0.0,6,8,0.75,2,6,8,1,2,1,0,3,16,24,1
22022,203497,0022200193,"Nov 13, 2022",MIN @ CLE,W,33,5,10,0.5,0,0,0.0,5,8,0.625,4,9,13,1,1,2,3,3,15,-13,1
22022,203497,0022200181,"Nov 11, 2022",MIN @ MEM,L,35,5,5,1.0,0,0,0.0,5,5,1.0,1,5,6,1,1,0,4,4,15,-9,1
22022,203497,0022200167,"Nov 09, 2022",MIN vs. PHX,L,30,8,11,0.727,0,0,0.0,9,11,0.818,3,8,11,0,0,3,1,4,25,-5,1
22022,203497,0022200129,"Nov 04, 2022",MIN vs. MIL,L,30,3,6,0.5,0,1,0.0,1,2,0.5,4,9,13,0,1,1,0,4,7,-13,1
22022,203497,0022200106,"Nov 01, 2022",MIN @ PHX,L,32,0,1,0.0,0,0,0.0,7,7,1.0,4,5,9,3,0,1,1,2,7,-13,1
22022,203497,0022200092,"Oct 30, 2022",MIN @ SAS,L,27,4,11,0.364,0,0,0.0,1,3,0.333,6,6,12,0,1,2,1,2,9,-10,1
22022,203497,0022200076,"Oct 28, 2022",MIN vs. LAL,W,37,7,11,0.636,0,0,0.0,8,12,0.667,8,13,21,2,0,2,1,3,22,8,1
22022,203497,0022200062,"Oct 26, 2022",MIN vs. SAS,W,35,4,6,0.667,0,0,0.0,2,4,0.5,0,9,9,1,1,1,2,4,10,9,1
22022,203497,0022200050,"Oct 24, 2022",MIN vs. SAS,L,31,4,4,1.0,0,0,0.0,3,4,0.75,1,6,7,1,0,3,2,2,11,-9,1
22022,203497,0022200041,"Oct 23, 2022",MIN @ OKC,W,25,7,9,0.778,0,1,0.0,1,3,0.333,2,13,15,1,0,1,1,2,15,-1,1
22022,203497,0022200025,"Oct 21, 2022",MIN vs. UTA,L,38,4,10,0.4,0,0,0.0,1,3,0.333,10,13,23,0,1,2,4,3,9,-9,1
22022,203497,0022200010,"Oct 19, 2022",MIN vs. OKC,W,34,10,15,0.667,0,0,0.0,3,5,0.6,7,9,16,2,1,1,0,1,23,13,1
22023,203497,0022301194,"Apr 14, 2024",MIN vs. PHX,L,32,7,9,0.778,0,0,0.0,7,9,0.778,3,4,7,1,2,1,1,3,21,-17,1
22023,203497,0022301178,"Apr 12, 2024",MIN vs. ATL,W,37,10,10,1.0,0,0,0.0,5,8,0.625,4,15,19,0,1,5,1,2,25,13,1
22023,203497,0022301164,"Apr 10, 2024",MIN @ DEN,L,39,6,7,0.857,0,0,0.0,1,3,0.333,5,10,15,3,2,1,2,5,13,-17,1
22023,203497,0022301152,"Apr 09, 2024",MIN vs. WAS,W,38,5,9,0.556,0,0,0.0,9,13,0.692,5,11,16,3,2,4,1,3,19,12,1
22023,203497,0022301143,"Apr 07, 2024",MIN @ LAL,W,37,9,13,0.692,0,0,0.0,0,0,0.0,8,8,16,3,2,1,3,2,18,8,1
22023,203497,0022301125,"Apr 05, 2024",MIN @ PHX,L,29,2,5,0.4,0,0,0.0,0,0,0.0,2,4,6,1,0,2,1,4,4,-26,1
22023,203497,0022301108,"Apr 03, 2024",MIN vs. TOR,W,27,3,6,0.5,0,0,0.0,5,8,0.625,5,10,15,3,1,2,4,3,11,33,1
22023,203497,0022301098,"Apr 02, 2024",MIN vs. HOU,W,35,4,7,0.571,0,0,0.0,4,6,0.667,1,13,14,0,0,2,1,3,12,-8,1
22023,203497,0022301084,"Mar 31, 2024",MIN vs. CHI,L,38,8,9,0.889,0,0,0.0,3,7,0.429,3,7,10,1,2,1,0,2,19,-4,1
22023,203497,0022301071,"Mar 29, 2024",MIN @ DEN,W,35,7,8,0.875,0,0,0.0,7,15,0.467,3,9,12,2,0,3,0,5,21,1,1
22023,203497,0022301056,"Mar 27, 2024",MIN vs. DET,W,34,5,5,1.0,0,0,0.0,1,1,1.0,5,9,14,4,0,2,3,4,11,20,1
22023,203497,0022301031,"Mar 24, 2024",MIN vs. GSW,W,37,7,10,0.7,0,0,0.0,3,3,1.0,1,11,12,2,0,1,4,5,17,8,1
22023,203497,0022301014,"Mar 22, 2024",MIN vs. CLE,W,37,4,8,0.5,0,0,0.0,1,4,0.25,6,9,15,1,0,2,1,2,9,10,1
22023,203497,0022300944,"Mar 12, 2024",MIN @ LAC,W,33,4,7,0.571,0,0,0.0,0,0,0.0,7,4,11,3,2,2,0,2,8,11,1
22023,203497,0022300911,"Mar 08, 2024",MIN @ CLE,L,37,3,7,0.429,0,0,0.0,1,2,0.5,4,13,17,2,1,2,2,6,7,7,1
22023,203497,0022300903,"Mar 07, 2024",MIN @ IND,W,40,7,11,0.636,0,0,0.0,4,5,0.8,6,8,14,0,2,3,2,2,18,6,1
22023,203497,0022300881,"Mar 04, 2024",MIN vs. POR,W,39,9,10,0.9,0,0,0.0,7,7,1.0,5,11,16,0,1,3,3,6,25,-4,1
22023,203497,0022300873,"Mar 03, 2024",MIN vs. LAC,L,40,5,7,0.714,0,0,0.0,2,2,1.0,3,13,16,2,0,3,1,3,12,4,1
22023,203497,0022300862,"Mar 01, 2024",MIN vs. SAC,L,42,6,9,0.667,0,0,0.0,4,8,0.5,2,14,16,1,0,3,1,5,16,-6,1
22023,203497,0022300845,"Feb 28, 2024",MIN vs. MEM,W,27,3,4,0.75,0,0,0.0,2,4,0.5,2,6,8,0,1,2,3,2,8,-16,1
22023,203497,0022300838,"Feb 27, 2024",MIN vs. SAS,W,39,6,12,0.5,0,1,0.0,1,2,0.5,6,11,17,3,0,4,1,2,13,4,1
22023,203497,0022300808,"Feb 23, 2024",MIN vs. MIL,L,38,6,8,0.75,0,0,0.0,0,1,0.0,7,12,19,1,0,2,0,5,12,5,1
22023,203497,0022300791,"Feb 15, 2024",MIN @ POR,W,26,4,7,0.571,0,0,0.0,3,4,0.75,2,10,12,2,0,2,3,4,11,19,1
22023,203497,0022300775,"Feb 13, 2024",MIN @ POR,W,37,7,10,0.7,0,0,0.0,2,4,0.5,6,9,15,1,0,1,1,3,16,12,1
22023,203497,0022300770,"Feb 12, 2024",MIN @ LAC,W,33,6,11,0.545,0,0,0.0,5,5,1.0,6,5,11,0,0,4,2,4,17,9,1
22023,203497,0022300738,"Feb 08, 2024",MIN @ MIL,W,35,8,9,0.889,0,0,0.0,0,1,0.0,3,8,11,4,1,0,0,3,16,13,1
22023,203497,0022300723,"Feb 06, 2024",MIN @ CHI,L,44,3,6,0.5,0,0,0.0,6,10,0.6,7,9,16,1,1,1,1,5,12,-8,1
22023,203497,0022300709,"Feb 04, 2024",MIN vs. HOU,W,31,7,9,0.778,0,0,0.0,3,5,0.6,3,10,13,1,1,4,0,1,17,32,1
22023,203497,0022300694,"Feb 02, 2024",MIN vs. ORL,L,39,6,7,0.857,0,0,0.0,10,11,0.909,3,13,16,2,0,2,1,5,22,0,1
22023,203497,0022300680,"Jan 31, 2024",MIN vs. DAL,W,28,5,9,0.556,0,0,0.0,7,12,0.583,2,4,6,0,0,2,2,4,17,18,1
22023,203497,0022300664,"Jan 29, 2024",MIN @ OKC,W,36,6,6,1.0,0,0,0.0,0,1,0.0,4,14,18,1,1,1,3,0,12,11,1
22023,203497,0022300649,"Jan 27, 2024",MIN @ SAS,L,37,8,9,0.889,0,0,0.0,3,4,0.75,2,5,7,1,1,1,1,4,19,-4,1
22023,203497,0022300629,"Jan 25, 2024",MIN @ BKN,W,33,4,9,0.444,0,0,0.0,2,2,1.0,1,12,13,1,1,2,1,3,10,3,1
22023,203497,0022300620,"Jan 24, 2024",MIN @ WAS,W,35,7,11,0.636,0,0,0.0,5,6,0.833,7,9,16,1,0,4,0,4,19,9,1
22023,203497,0022300610,"Jan 22, 2024",MIN vs. CHA,L,39,6,6,1.0,0,0,0.0,1,2,0.5,2,9,11,1,0,0,0,3,13,-10,1
22023,203497,0022300599,"Jan 20, 2024",MIN vs. OKC,L,33,1,6,0.167,0,0,0.0,5,8,0.625,4,14,18,2,0,0,2,4,7,-4,1
22023,203497,0022300582,"Jan 18, 2024",MIN vs. MEM,W,39,5,10,0.5,0,1,0.0,7,10,0.7,3,7,10,4,0,6,3,3,17,20,1
22023,203497,0022300569,"Jan 17, 2024",MIN @ DET,W,38,8,11,0.727,0,0,0.0,3,4,0.75,5,11,16,2,0,1,1,4,19,12,1
22023,203497,0022300553,"Jan 14, 2024",MIN vs. LAC,W,37,4,5,0.8,0,0,0.0,7,14,0.5,3,15,18,0,0,4,1,4,15,-1,1
22023,203497,0022300538,"Jan 12, 2024",MIN vs. POR,W,28,9,11,0.818,0,0,0.0,6,8,0.75,5,12,17,0,0,2,1,2,24,33,1
22023,203497,0022300513,"Jan 09, 2024",MIN @ ORL,W,34,8,10,0.8,0,0,0.0,5,6,0.833,1,11,12,1,1,3,2,3,21,13,1
22023,203497,0022300501,"Jan 07, 2024",MIN @ DAL,L,34,4,9,0.444,0,0,0.0,1,4,0.25,6,11,17,1,1,0,5,4,9,1,1
22023,203497,0022300485,"Jan 05, 2024",MIN @ HOU,W,33,6,7,0.857,0,0,0.0,1,3,0.333,3,9,12,1,2,2,1,2,13,22,1
22023,203497,0022300471,"Jan 03, 2024",MIN vs. NOP,L,24,2,3,0.667,0,0,0.0,1,2,0.5,1,4,5,0,0,1,1,4,5,-16,1
22023,203497,0022300451,"Jan 01, 2024",MIN @ NYK,L,38,3,8,0.375,0,0,0.0,4,6,0.667,2,13,15,1,0,0,1,2,10,-11,1
22023,203497,0022300443,"Dec 30, 2023",MIN vs. LAL,W,38,6,7,0.857,0,0,0.0,1,1,1.0,4,9,13,0,2,1,4,3,13,19,1
22023,203497,0022300423,"Dec 28, 2023",MIN vs. DAL,W,38,7,7,1.0,0,0,0.0,6,7,0.857,2,9,11,2,0,3,2,2,20,3,1
22023,203497,0022300411,"Dec 26, 2023",MIN @ OKC,L,29,2,6,0.333,0,1,0.0,6,8,0.75,0,5,5,0,0,0,1,1,10,-14,1
22023,203497,0022300400,"Dec 23, 2023",MIN @ SAC,W,39,10,13,0.769,0,0,0.0,1,2,0.5,6,11,17,1,0,2,1,3,21,27,1
22023,203497,0022300380,"Dec 21, 2023",MIN vs. LAL,W,37,6,11,0.545,0,0,0.0,3,6,0.5,5,8,13,3,1,3,2,3,15,-1,1
22023,203497,0022300367,"Dec 20, 2023",MIN @ PHI,L,24,3,4,0.75,0,0,0.0,2,2,1.0,2,7,9,1,2,0,0,4,8,6,1
22023,203497,0022300353,"Dec 18, 2023",MIN @ MIA,W,35,3,8,0.375,0,0,0.0,3,4,0.75,3,13,16,2,2,2,1,2,9,4,1
22023,203497,0022300338,"Dec 16, 2023",MIN vs. IND,W,25,2,3,0.667,0,0,0.0,1,4,0.25,2,5,7,1,1,1,2,1,5,3,1
22023,203497,0022300321,"Dec 14, 2023",MIN @ DAL,W,30,3,4,0.75,0,0,0.0,2,6,0.333,2,10,12,5,3,1,2,4,8,11,1
22023,203497,0022300301,"Dec 11, 2023",MIN @ NOP,L,25,4,8,0.5,0,0,0.0,0,0,0.0,2,6,8,0,0,2,2,4,8,-20,1
22023,203497,0022301221,"Dec 08, 2023",MIN @ MEM,W,36,6,9,0.667,0,0,0.0,4,4,1.0,9,11,20,1,1,6,2,4,16,25,1
22023,203497,0022301210,"Dec 06, 2023",MIN vs. SAS,W,30,7,8,0.875,0,0,0.0,2,2,1.0,5,15,20,2,0,2,1,3,16,31,1
22023,203497,0022300281,"Dec 02, 2023",MIN @ CHA,W,39,10,12,0.833,0,0,0.0,6,9,0.667,2,10,12,0,0,3,1,1,26,10,1
22023,203497,0022300270,"Nov 30, 2023",MIN vs. UTA,W,37,6,11,0.545,0,0,0.0,3,4,0.75,3,10,13,0,0,3,0,4,15,15,1
22023,203497,0022300058,"Nov 28, 2023",MIN vs. OKC,W,36,6,10,0.6,0,0,0.0,5,6,0.833,6,10,16,0,1,4,1,1,17,-1,1
22023,203497,0022300249,"Nov 26, 2023",MIN @ MEM,W,25,5,7,0.714,0,0,0.0,3,4,0.75,1,3,4,0,0,2,2,5,13,16,1
22023,203497,0022300050,"Nov 24, 2023",MIN vs. SAC,L,36,5,8,0.625,0,0,0.0,2,2,1.0,3,8,11,0,0,2,3,5,12,4,1
22023,203497,0022300232,"Nov 22, 2023",MIN vs. PHI,W,31,6,8,0.75,0,0,0.0,1,2,0.5,3,8,11,3,0,3,2,3,13,1,1
22023,203497,0022300221,"Nov 20, 2023",MIN vs. NYK,W,26,7,7,1.0,0,0,0.0,2,7,0.286,3,4,7,1,0,2,1,2,16,16,1
22023,203497,0022300203,"Nov 18, 2023",MIN @ NOP,W,34,5,7,0.714,0,0,0.0,7,10,0.7,2,9,11,1,2,1,1,2,17,-7,1
22023,203497,0022300197,"Nov 15, 2023",MIN @ PHX,L,25,2,5,0.4,0,0,0.0,0,0,0.0,4,4,8,2,1,2,2,2,4,-25,1
22023,203497,0022300025,"Nov 14, 2023",MIN @ GSW,W,35,2,8,0.25,0,0,0.0,5,6,0.833,6,7,13,2,0,3,2,4,9,8,1
22023,203497,0022300186,"Nov 12, 2023",MIN @ GSW,W,35,4,7,0.571,0,0,0.0,2,8,0.25,4,6,10,3,1,5,2,3,10,-1,1
22023,203497,0022300013,"Nov 10, 2023",MIN @ SAS,W,34,5,10,0.5,0,0,0.0,1,1,1.0,4,6,10,1,1,0,1,3,11,1,1
22023,203497,0022300166,"Nov 08, 2023",MIN vs. NOP,W,32,4,5,0.8,0,0,0.0,9,12,0.75,5,16,21,1,0,2,4,2,17,24,1
22023,203497,0022300154,"Nov 06, 2023",MIN vs. BOS,W,41,6,6,1.0,0,0,0.0,2,11,0.182,2,10,12,1,0,1,2,4,14,24,1
22023,203497,0022300138,"Nov 04, 2023",MIN vs. UTA,W,29,5,10,0.5,0,0,0.0,1,2,0.5,4,6,10,1,0,4,1,3,11,10,1
22023,203497,0022300123,"Nov 01, 2023",MIN vs. DEN,W,32,0,7,0.0,0,0,0.0,4,4,1.0,2,10,12,1,1,2,1,3,4,15,1
22023,203497,0022300104,"Oct 30, 2023",MIN @ ATL,L,31,3,7,0.429,0,0,0.0,8,11,0.727,6,7,13,1,1,2,0,2,14,-13,1
22023,203497,0022300093,"Oct 28, 2023",MIN vs. MIA,W,31,7,9,0.778,0,0,0.0,0,0,0.0,4,10,14,1,1,0,2,1,14,14,1
22023,203497,0022300069,"Oct 25, 2023",MIN @ TOR,L,32,6,12,0.5,0,0,0.0,3,5,0.6,5,8,13,1,2,4,2,3,15,-11,1
22024,203497,0022401195,"Apr 13, 2025",MIN vs. UTA,W,38,8,16,0.5,0,0,0.0,3,5,0.6,8,10,18,0,1,4,0,2,19,6,1
22024,203497,0022401179,"Apr 11, 2025",MIN vs. BKN,W,33,13,17,0.765,0,0,0.0,9,14,0.643,3,8,11,1,0,1,0,3,35,16,1
22024,203497,0022401170,"Apr 10, 2025",MIN @ MEM,W,36,5,5,1.0,0,0,0.0,3,4,0.75,0,8,8,4,0,0,1,3,13,17,1
22024,203497,0022401152,"Apr 08, 2025",MIN @ MIL,L,34,3,4,0.75,0,0,0.0,0,0,0.0,2,7,9,2,1,0,1,4,6,-5,1
22024,203497,0022401130,"Apr 05, 2025",MIN @ PHI,W,36,10,11,0.909,0,0,0.0,3,4,0.75,8,11,19,2,2,3,1,3,23,10,1
22024,203497,0022401113,"Apr 03, 2025",MIN @ BKN,W,36,9,10,0.9,0,0,0.0,3,6,0.5,4,14,18,1,0,2,0,2,21,14,1
22024,203497,0022401102,"Apr 01, 2025",MIN @ DEN,W,40,7,11,0.636,0,0,0.0,5,9,0.556,6,6,12,1,1,0,0,6,19,-10,1
22024,203497,0022401084,"Mar 30, 2025",MIN vs. DET,W,38,8,16,0.5,0,0,0.0,3,4,0.75,10,15,25,0,0,1,1,3,19,18,1
22024,203497,0022401071,"Mar 28, 2025",MIN vs. PHX,W,38,8,9,0.889,0,0,0.0,1,2,0.5,5,8,13,1,4,1,4,5,17,20,1
22024,203497,0022401037,"Mar 24, 2025",MIN @ IND,L,35,8,12,0.667,0,0,0.0,0,0,0.0,5,11,16,3,0,0,2,0,16,-3,1
22024,203497,0022401016,"Mar 21, 2025",MIN vs. NOP,W,30,4,5,0.8,0,0,0.0,7,8,0.875,2,9,11,3,3,0,1,4,15,34,1
22024,203497,0022401001,"Mar 19, 2025",MIN vs. NOP,L,31,3,4,0.75,0,0,0.0,4,6,0.667,2,7,9,1,0,1,0,4,10,4,1
22024,203497,0022400986,"Mar 17, 2025",MIN vs. IND,L,22,1,2,0.5,0,0,0.0,1,2,0.5,3,4,7,1,0,3,0,1,3,0,1
22024,203497,0022400981,"Mar 16, 2025",MIN vs. UTA,W,26,3,5,0.6,0,0,0.0,1,2,0.5,3,3,6,0,2,2,1,1,7,26,1
22024,203497,0022400963,"Mar 14, 2025",MIN vs. ORL,W,35,5,7,0.714,0,0,0.0,2,4,0.5,4,8,12,1,2,0,1,2,12,16,1
22024,203497,0022400952,"Mar 12, 2025",MIN @ DEN,W,30,4,8,0.5,0,0,0.0,3,4,0.75,3,7,10,3,0,1,0,3,11,16,1
22024,203497,0022400925,"Mar 09, 2025",MIN vs. SAS,W,20,7,8,0.875,0,0,0.0,2,2,1.0,3,5,8,2,2,0,1,4,16,18,1
22024,203497,0022400776,"Feb 12, 2025",MIN vs. MIL,L,38,10,14,0.714,0,0,0.0,0,0,0.0,6,8,14,4,1,1,2,5,20,-13,1
22024,203497,0022400755,"Feb 10, 2025",MIN @ CLE,L,27,4,6,0.667,0,0,0.0,4,5,0.8,6,2,8,1,0,2,2,0,12,-6,1
22024,203497,0022400747,"Feb 08, 2025",MIN vs. POR,W,37,4,6,0.667,0,0,0.0,7,10,0.7,3,8,11,1,0,1,1,2,15,20,1
22024,203497,0022400729,"Feb 06, 2025",MIN vs. HOU,W,34,5,8,0.625,0,0,0.0,3,4,0.75,3,7,10,0,0,1,2,4,13,2,1
22024,203497,0022400723,"Feb 05, 2025",MIN vs. CHI,W,31,4,7,0.571,0,0,0.0,2,6,0.333,9,6,15,1,3,3,1,1,10,17,1
22024,203497,0022400704,"Feb 03, 2025",MIN vs. SAC,L,40,8,9,0.889,0,0,0.0,3,3,1.0,7,6,13,3,1,2,0,2,19,-4,1
22024,203497,0022400690,"Feb 01, 2025",MIN vs. WAS,L,37,7,12,0.583,0,0,0.0,2,3,0.667,5,11,16,4,2,2,3,1,16,6,1
22024,203497,0022400677,"Jan 30, 2025",MIN @ UTA,W,34,6,8,0.75,0,0,0.0,4,6,0.667,3,6,9,5,0,4,1,0,16,7,1
22024,203497,0022400672,"Jan 29, 2025",MIN @ PHX,W,34,2,5,0.4,0,0,0.0,0,0,0.0,0,5,5,1,1,2,1,3,4,9,1
22024,203497,0022400656,"Jan 27, 2025",MIN vs. ATL,W,38,7,9,0.778,0,0,0.0,4,7,0.571,5,5,10,1,0,2,1,2,18,8,1
22024,203497,0022400634,"Jan 25, 2025",MIN vs. DEN,W,30,6,8,0.75,0,0,0.0,2,3,0.667,4,10,14,5,4,0,0,2,14,26,1
22024,203497,0022400614,"Jan 22, 2025",MIN @ DAL,W,30,3,4,0.75,0,0,0.0,8,8,1.0,1,5,6,2,0,3,1,1,14,-1,1
22024,203497,0022400601,"Jan 20, 2025",MIN @ MEM,L,25,1,5,0.2,0,0,0.0,2,2,1.0,2,2,4,2,2,1,3,4,4,-8,1
22024,203497,0022400590,"Jan 18, 2025",MIN vs. CLE,L,31,6,7,0.857,0,0,0.0,5,6,0.833,2,10,12,1,0,0,0,1,17,1,1
22024,203497,0022400578,"Jan 17, 2025",MIN @ NYK,W,34,5,6,0.833,0,0,0.0,1,2,0.5,1,5,6,1,0,2,1,2,11,9,1
22024,203497,0022400565,"Jan 15, 2025",MIN vs. GSW,L,29,2,2,1.0,0,0,0.0,3,5,0.6,2,8,10,1,0,2,1,2,7,-4,1
22024,203497,0022400548,"Jan 13, 2025",MIN @ WAS,W,33,5,6,0.833,0,0,0.0,1,2,0.5,5,6,11,2,1,1,0,1,11,11,1
22024,203497,0022400535,"Jan 11, 2025",MIN vs. MEM,L,29,6,6,1.0,0,0,0.0,0,2,0.0,2,2,4,4,0,1,0,3,12,3,1
22024,203497,0022400519,"Jan 09, 2025",MIN @ ORL,W,32,5,8,0.625,0,0,0.0,0,2,0.0,4,8,12,1,1,0,0,2,10,14,1
22024,203497,0022400505,"Jan 07, 2025",MIN @ NOP,W,35,3,4,0.75,0,0,0.0,1,2,0.5,2,12,14,4,0,6,2,4,7,-6,1
22024,203497,0022400500,"Jan 06, 2025",MIN vs. LAC,W,38,3,8,0.375,0,0,0.0,2,5,0.4,8,10,18,2,0,1,2,3,8,8,1
22024,203497,0022400479,"Jan 04, 2025",MIN @ DET,L,30,3,6,0.5,0,0,0.0,0,2,0.0,2,4,6,0,0,2,3,2,6,-2,1
22024,203497,0022400464,"Jan 02, 2025",MIN vs. BOS,L,28,3,5,0.6,0,0,0.0,0,0,0.0,3,4,7,0,0,0,0,1,6,-6,1
22024,203497,0022400452,"Dec 31, 2024",MIN @ OKC,L,31,3,6,0.5,0,0,0.0,2,2,1.0,2,5,7,1,0,2,1,2,8,3,1
22024,203497,0022400441,"Dec 29, 2024",MIN vs. SAS,W,31,6,12,0.5,0,0,0.0,5,6,0.833,11,4,15,2,0,2,1,4,17,-1,1
22024,203497,0022400422,"Dec 27, 2024",MIN @ HOU,W,29,3,5,0.6,0,0,0.0,1,6,0.167,5,4,9,0,0,2,0,2,7,-18,1
22024,203497,0022400406,"Dec 25, 2024",MIN @ DAL,W,39,6,7,0.857,0,0,0.0,2,2,1.0,2,8,10,0,1,2,1,3,14,8,1
22024,203497,0022400395,"Dec 23, 2024",MIN @ ATL,L,28,1,4,0.25,0,0,0.0,0,0,0.0,2,4,6,0,0,1,3,1,2,-16,1
22024,203497,0022400383,"Dec 21, 2024",MIN vs. GSW,L,37,7,8,0.875,0,0,0.0,4,7,0.571,2,10,12,2,1,1,1,0,18,-3,1
22024,203497,0022400367,"Dec 19, 2024",MIN vs. NYK,L,22,1,1,1.0,0,0,0.0,1,4,0.25,1,3,4,0,2,0,0,2,3,-37,1
22024,203497,0022401218,"Dec 15, 2024",MIN @ SAS,W,35,5,11,0.455,0,0,0.0,0,1,0.0,4,5,9,2,1,1,2,2,10,8,1
22024,203497,0022401210,"Dec 13, 2024",MIN vs. LAL,W,38,5,8,0.625,0,0,0.0,2,4,0.5,5,8,13,2,1,1,0,1,12,3,1
22024,203497,0022400355,"Dec 08, 2024",MIN @ GSW,L,38,1,3,0.333,0,0,0.0,2,4,0.5,1,8,9,1,1,3,2,3,4,-12,1
22024,203497,0022400338,"Dec 06, 2024",MIN @ GSW,W,35,6,10,0.6,0,0,0.0,5,5,1.0,2,9,11,1,1,0,3,3,17,19,1
22024,203497,0022400324,"Dec 04, 2024",MIN @ LAC,W,29,3,4,0.75,0,0,0.0,2,2,1.0,1,8,9,7,5,1,0,2,8,21,1
22024,203497,0022400318,"Dec 02, 2024",MIN vs. LAL,W,32,7,8,0.875,0,0,0.0,3,4,0.75,6,6,12,0,1,0,2,3,17,17,1
22024,203497,0022400044,"Nov 29, 2024",MIN vs. LAC,W,43,3,7,0.429,0,0,0.0,2,4,0.5,4,8,12,3,1,1,3,3,8,9,1
22024,203497,0022400294,"Nov 27, 2024",MIN vs. SAC,L,37,2,2,1.0,0,0,0.0,5,6,0.833,2,5,7,3,0,4,0,3,9,-9,1
22024,203497,0022400037,"Nov 26, 2024",MIN vs. HOU,L,44,2,3,0.667,0,0,0.0,1,2,0.5,3,13,16,2,0,1,1,5,5,4,1
22024,203497,0022400271,"Nov 24, 2024",MIN @ BOS,L,34,4,5,0.8,0,0,0.0,2,2,1.0,8,12,20,0,0,0,0,2,10,-4,1
22024,203497,0022400261,"Nov 21, 2024",MIN @ TOR,L,36,4,5,0.8,0,0,0.0,5,6,0.833,4,7,11,2,1,2,3,3,13,0,1
22024,203497,0022400234,"Nov 17, 2024",MIN vs. PHX,W,37,4,8,0.5,0,0,0.0,3,4,0.75,4,6,10,2,0,4,3,2,11,4,1
22024,203497,0022400020,"Nov 15, 2024",MIN @ SAC,W,41,5,7,0.714,0,0,0.0,1,1,1.0,3,8,11,2,0,3,1,2,11,11,1
22024,203497,0022400226,"Nov 13, 2024",MIN @ POR,L,34,4,8,0.5,0,0,0.0,4,5,0.8,7,3,10,0,0,0,1,3,12,-8,1
22024,203497,0022400008,"Nov 12, 2024",MIN @ POR,L,33,2,3,0.667,0,0,0.0,5,6,0.833,0,8,8,4,1,1,4,2,9,-7,1
22024,203497,0022400206,"Nov 10, 2024",MIN vs. MIA,L,33,2,4,0.5,0,0,0.0,3,3,1.0,6,7,13,1,1,2,2,1,7,-4,1
22024,203497,0022400193,"Nov 08, 2024",MIN vs. POR,W,23,4,5,0.8,0,0,0.0,0,0,0.0,4,11,15,2,0,3,2,5,8,18,1
22024,203497,0022400181,"Nov 07, 2024",MIN @ CHI,W,32,9,11,0.818,0,0,0.0,3,3,1.0,3,6,9,3,0,1,2,4,21,23,1
22024,203497,0022400162,"Nov 04, 2024",MIN vs. CHA,W,30,4,5,0.8,0,0,0.0,0,0,0.0,2,6,8,4,0,1,1,2,8,15,1
22024,203497,0022400146,"Nov 02, 2024",MIN @ SAS,L,23,3,8,0.375,0,0,0.0,4,4,1.0,1,2,3,1,0,0,0,2,10,-8,1
22024,203497,0022400139,"Nov 01, 2024",MIN vs. DEN,W,36,7,10,0.7,0,0,0.0,3,4,0.75,4,10,14,3,1,2,2,3,17,7,1
22024,203497,0022400114,"Oct 29, 2024",MIN vs. DAL,L,31,2,5,0.4,0,0,0.0,3,5,0.6,4,4,8,1,0,0,2,3,7,-8,1
22024,203497,0022400093,"Oct 26, 2024",MIN vs. TOR,W,39,6,8,0.75,0,0,0.0,3,4,0.75,2,10,12,1,1,4,1,3,15,20,1
22024,203497,0022400076,"Oct 24, 2024",MIN @ SAC,W,35,1,2,0.5,0,0,0.0,1,2,0.5,1,10,11,1,2,0,3,4,3,-6,1
22024,203497,0022400062,"Oct 22, 2024",MIN @ LAL,L,35,5,8,0.625,0,0,0.0,3,4,0.75,3,11,14,2,0,1,1,4,13,-10,1
22025,203497,0022501152,"Apr 07, 2026",MIN @ IND,W,33,2,5,0.4,0,0,0.0,1,1,1.0,2,10,12,3,1,2,2,3,5,7,1
22025,203497,0022501137,"Apr 05, 2026",MIN vs. CHA,L,30,6,9,0.667,0,0,0.0,0,2,0.0,4,6,10,2,1,1,3,0,12,-13,1
22025,203497,0022501121,"Apr 03, 2026",MIN @ PHI,L,29,2,8,0.25,0,1,0.0,1,1,1.0,7,9,16,1,0,0,1,2,5,-1,1
22025,203497,0022501115,"Apr 02, 2026",MIN @ DET,L,27,2,3,0.667,0,0,0.0,2,4,0.5,2,5,7,1,0,1,1,4,6,-10,1
22025,203497,0022501095,"Mar 30, 2026",MIN @ DAL,W,28,6,8,0.75,0,0,0.0,2,2,1.0,2,8,10,1,1,2,2,5,14,27,1
22025,203497,0022501080,"Mar 28, 2026",MIN vs. DET,L,32,6,9,0.667,0,0,0.0,2,4,0.5,5,7,12,0,0,1,2,3,14,-11,1
22025,203497,0022501058,"Mar 25, 2026",MIN vs. HOU,W,28,7,13,0.538,0,0,0.0,0,0,0.0,7,7,14,1,1,5,1,6,14,0,1
22025,203497,0022501035,"Mar 22, 2026",MIN @ BOS,W,26,3,5,0.6,0,0,0.0,3,4,0.75,5,9,14,1,1,4,0,1,9,-10,1
22025,203497,0022501020,"Mar 20, 2026",MIN vs. POR,L,38,7,14,0.5,0,0,0.0,4,6,0.667,6,9,15,1,2,1,0,0,18,5,1
22025,203497,0022501004,"Mar 18, 2026",MIN vs. UTA,W,29,9,12,0.75,0,0,0.0,3,4,0.75,6,6,12,0,1,2,3,1,21,28,1
22025,203497,0022500996,"Mar 17, 2026",MIN vs. PHX,W,37,4,7,0.571,0,0,0.0,1,3,0.333,8,11,19,1,0,4,2,1,9,2,1
22025,203497,0022500976,"Mar 15, 2026",MIN @ OKC,L,29,1,4,0.25,0,0,0.0,0,0,0.0,1,6,7,2,1,0,4,1,2,-23,1
22025,203497,0022500966,"Mar 13, 2026",MIN @ GSW,W,36,5,5,1.0,0,0,0.0,8,10,0.8,4,5,9,2,1,1,2,3,18,8,1
22025,203497,0022500952,"Mar 11, 2026",MIN @ LAC,L,26,3,4,0.75,0,0,0.0,3,3,1.0,0,5,5,4,0,0,1,3,9,-38,1
22025,203497,0022500946,"Mar 10, 2026",MIN @ LAL,L,27,0,1,0.0,0,0,0.0,3,6,0.5,5,7,12,2,0,0,0,2,3,-11,1
22025,203497,0022500915,"Mar 07, 2026",MIN vs. ORL,L,33,6,6,1.0,0,0,0.0,0,3,0.0,2,6,8,0,2,1,2,2,12,-13,1
22025,203497,0022500903,"Mar 05, 2026",MIN vs. TOR,W,35,7,8,0.875,0,0,0.0,4,6,0.667,3,9,12,5,1,3,0,2,18,18,1
22025,203497,0022500890,"Mar 03, 2026",MIN vs. MEM,W,26,1,2,0.5,0,0,0.0,3,6,0.5,4,8,12,1,0,0,1,4,5,4,1
22025,203497,0022500871,"Mar 01, 2026",MIN @ DEN,W,38,3,8,0.375,0,1,0.0,1,2,0.5,5,10,15,4,3,1,1,4,7,12,1
22025,203497,0022500857,"Feb 26, 2026",MIN @ LAC,W,35,1,1,1.0,0,0,0.0,1,4,0.25,2,11,13,1,0,3,2,3,3,-2,1
22025,203497,0022500841,"Feb 24, 2026",MIN @ POR,W,36,4,5,0.8,0,0,0.0,2,2,1.0,7,12,19,4,1,2,3,3,10,5,1
22025,203497,0022500806,"Feb 20, 2026",MIN vs. DAL,W,32,9,11,0.818,0,1,0.0,4,8,0.5,10,7,17,1,1,3,2,3,22,6,1
22025,203497,0022500783,"Feb 11, 2026",MIN vs. POR,W,28,5,7,0.714,0,0,0.0,7,10,0.7,3,5,8,1,0,0,1,0,17,28,1
22025,203497,0022500765,"Feb 09, 2026",MIN vs. ATL,W,33,7,7,1.0,0,0,0.0,4,9,0.444,2,4,6,1,0,1,2,4,18,12,1
22025,203497,0022500760,"Feb 08, 2026",MIN vs. LAC,L,30,5,7,0.714,0,0,0.0,0,1,0.0,3,4,7,2,0,1,5,0,10,-16,1
22025,203497,0022500744,"Feb 06, 2026",MIN vs. NOP,L,33,5,12,0.417,0,0,0.0,2,4,0.5,7,9,16,2,3,2,0,2,12,3,1
22025,203497,0022500727,"Feb 04, 2026",MIN @ TOR,W,33,4,4,1.0,0,0,0.0,2,5,0.4,2,10,12,2,1,1,0,3,10,11,1
22025,203497,0022500714,"Feb 02, 2026",MIN @ MEM,L,25,3,5,0.6,0,0,0.0,1,2,0.5,3,7,10,0,0,2,1,3,7,-8,1
22025,203497,0022500700,"Jan 31, 2026",MIN @ MEM,W,31,4,8,0.5,0,1,0.0,1,4,0.25,5,11,16,0,2,2,0,0,9,4,1
22025,203497,0022500686,"Jan 29, 2026",MIN vs. OKC,W,34,5,6,0.833,0,0,0.0,4,8,0.5,4,7,11,3,1,0,0,1,14,20,1
22025,203497,0022500677,"Jan 28, 2026",MIN @ DAL,W,21,2,5,0.4,0,0,0.0,2,7,0.286,2,4,6,1,2,2,2,4,6,9,1
22025,203497,0022500663,"Jan 26, 2026",MIN vs. GSW,W,35,5,8,0.625,0,0,0.0,5,7,0.714,3,14,17,2,1,2,3,1,15,22,1
22025,203497,0022500644,"Jan 25, 2026",MIN vs. GSW,L,24,2,3,0.667,0,0,0.0,0,0,0.0,1,4,5,0,0,0,0,3,4,-21,1
22025,203497,0022500631,"Jan 22, 2026",MIN vs. CHI,L,34,3,5,0.6,0,0,0.0,4,5,0.8,3,8,11,2,1,2,1,3,10,-1,1
22025,203497,0022500616,"Jan 20, 2026",MIN @ UTA,L,29,5,5,1.0,0,0,0.0,1,5,0.2,3,7,10,0,2,4,0,1,11,-6,1
22025,203497,0022500591,"Jan 16, 2026",MIN @ HOU,L,32,4,7,0.571,0,0,0.0,2,10,0.2,5,8,13,1,2,2,2,5,10,-3,1
22025,203497,0022500552,"Jan 11, 2026",MIN vs. SAS,W,29,1,4,0.25,0,0,0.0,0,2,0.0,4,10,14,3,1,1,0,3,2,-14,1
22025,203497,0022500542,"Jan 10, 2026",MIN @ CLE,L,31,4,6,0.667,0,0,0.0,0,0,0.0,3,9,12,2,1,3,2,4,8,-8,1
22025,203497,0022500530,"Jan 08, 2026",MIN vs. CLE,W,37,5,5,1.0,0,0,0.0,1,3,0.333,4,9,13,3,2,0,1,2,11,8,1
22025,203497,0022500513,"Jan 06, 2026",MIN vs. MIA,W,33,5,5,1.0,0,0,0.0,3,3,1.0,3,13,16,1,0,2,3,2,13,20,1
22025,203497,0022500498,"Jan 04, 2026",MIN @ WAS,W,29,8,10,0.8,0,0,0.0,2,2,1.0,6,8,14,0,0,4,1,0,18,32,1
22025,203497,0022500486,"Jan 03, 2026",MIN @ MIA,W,32,5,7,0.714,0,1,0.0,3,3,1.0,4,8,12,1,1,0,2,5,13,4,1
22025,203497,0022500463,"Dec 31, 2025",MIN @ ATL,L,28,3,6,0.5,0,0,0.0,0,0,0.0,4,7,11,3,1,0,1,1,6,-22,1
22025,203497,0022500452,"Dec 29, 2025",MIN @ CHI,W,30,4,5,0.8,0,0,0.0,1,4,0.25,0,10,10,1,1,4,0,2,9,14,1
22025,203497,0022500439,"Dec 27, 2025",MIN vs. BKN,L,31,2,6,0.333,0,0,0.0,2,4,0.5,4,4,8,0,2,1,0,2,6,-14,1
22025,203497,0022500013,"Dec 25, 2025",MIN @ DEN,L,34,4,7,0.571,0,0,0.0,1,2,0.5,5,7,12,0,0,6,0,6,9,18,1
22025,203497,0022500416,"Dec 23, 2025",MIN vs. NYK,W,38,4,6,0.667,0,0,0.0,3,4,0.75,6,10,16,2,2,3,1,2,11,10,1
22025,203497,0022500400,"Dec 21, 2025",MIN vs. MIL,W,39,5,7,0.714,0,0,0.0,1,4,0.25,6,12,18,3,1,1,0,2,11,-4,1
22025,203497,0022500385,"Dec 19, 2025",MIN vs. OKC,W,33,3,7,0.429,0,0,0.0,3,7,0.429,6,8,14,1,0,0,2,3,9,0,1
22025,203497,0022500368,"Dec 17, 2025",MIN vs. MEM,L,35,6,8,0.75,0,0,0.0,4,6,0.667,7,9,16,4,1,4,4,2,16,1,1
22025,203497,0022501220,"Dec 14, 2025",MIN vs. SAC,W,20,3,4,0.75,0,0,0.0,1,6,0.167,5,7,12,3,0,1,1,1,7,9,1
22025,203497,0022501215,"Dec 12, 2025",MIN @ GSW,W,35,11,13,0.846,0,0,0.0,2,3,0.667,4,10,14,1,2,1,0,4,24,8,1
22025,203497,0022500365,"Dec 08, 2025",MIN vs. PHX,L,21,7,9,0.778,0,0,0.0,1,2,0.5,5,3,8,1,1,0,0,2,15,0,1
22025,203497,0022500355,"Dec 06, 2025",MIN vs. LAC,W,33,1,1,1.0,0,0,0.0,2,4,0.5,2,5,7,2,0,1,2,6,4,-9,1
22025,203497,0022500337,"Dec 04, 2025",MIN @ NOP,W,24,5,8,0.625,0,0,0.0,5,8,0.625,6,6,12,3,0,1,1,1,15,0,1
22025,203497,0022500321,"Dec 02, 2025",MIN @ NOP,W,38,9,10,0.9,0,0,0.0,8,10,0.8,4,9,13,2,1,1,0,5,26,9,1
22025,203497,0022500306,"Nov 30, 2025",MIN vs. SAS,W,24,4,6,0.667,0,0,0.0,0,1,0.0,2,6,8,2,0,0,0,1,8,-8,1
22025,203497,0022500293,"Nov 29, 2025",MIN vs. BOS,W,30,5,6,0.833,0,0,0.0,2,3,0.667,2,6,8,3,0,0,0,1,12,15,1
22025,203497,0022500064,"Nov 26, 2025",MIN @ OKC,L,32,1,3,0.333,0,0,0.0,3,8,0.375,3,9,12,3,0,3,1,4,5,0,1
22025,203497,0022500292,"Nov 24, 2025",MIN @ SAC,L,41,4,6,0.667,0,0,0.0,3,4,0.75,5,8,13,1,0,2,2,3,11,5,1
22025,203497,0022500053,"Nov 21, 2025",MIN @ PHX,L,35,5,10,0.5,0,0,0.0,2,4,0.5,7,5,12,4,0,1,2,5,12,6,1
22025,203497,0022500259,"Nov 19, 2025",MIN vs. WAS,W,36,4,5,0.8,0,0,0.0,1,2,0.5,7,8,15,3,0,1,4,4,9,6,1
22025,203497,0022500246,"Nov 17, 2025",MIN vs. DAL,W,29,6,8,0.75,0,0,0.0,3,6,0.5,5,4,9,4,2,1,2,0,15,19,1
22025,203497,0022500232,"Nov 15, 2025",MIN vs. DEN,L,23,2,3,0.667,0,0,0.0,0,0,0.0,2,4,6,0,0,3,4,4,4,-22,1
22025,203497,0022500044,"Nov 14, 2025",MIN vs. SAC,W,34,4,6,0.667,0,0,0.0,3,8,0.375,2,6,8,1,1,1,1,3,11,14,1
22025,203497,0022500205,"Nov 10, 2025",MIN @ UTA,W,34,7,8,0.875,0,0,0.0,0,1,0.0,3,9,12,1,0,2,2,5,14,8,1
22025,203497,0022500197,"Nov 09, 2025",MIN @ SAC,W,34,9,10,0.9,0,0,0.0,1,2,0.5,1,11,12,1,1,5,1,1,19,21,1
22025,203497,0022500036,"Nov 07, 2025",MIN vs. UTA,W,29,4,6,0.667,0,0,0.0,0,0,0.0,3,6,9,2,1,3,2,3,8,24,1
22025,203497,0022500175,"Nov 05, 2025",MIN @ NYK,L,28,3,3,1.0,0,0,0.0,1,2,0.5,3,6,9,0,0,0,2,2,7,-8,1
22025,203497,0022500156,"Nov 03, 2025",MIN @ BKN,W,34,6,6,1.0,0,0,0.0,3,6,0.5,4,8,12,1,0,1,3,4,15,27,1
22025,203497,0022500143,"Nov 01, 2025",MIN @ CHA,W,35,6,9,0.667,0,0,0.0,2,3,0.667,3,12,15,5,2,2,1,0,14,31,1
22025,203497,0022500136,"Oct 29, 2025",MIN vs. LAL,L,38,4,5,0.8,0,0,0.0,1,2,0.5,2,4,6,2,0,2,3,3,9,7,1
22025,203497,0022500008,"Oct 27, 2025",MIN vs. DEN,L,26,3,7,0.429,0,0,0.0,2,2,1.0,2,3,5,1,1,2,1,4,8,-18,1
22025,203497,0022500110,"Oct 26, 2025",MIN vs. IND,W,34,6,7,0.857,0,0,0.0,2,7,0.286,4,14,18,1,0,2,1,2,14,6,1
22025,203497,0022500019,"Oct 24, 2025",MIN @ LAL,L,28,1,2,0.5,0,0,0.0,0,0,0.0,5,2,7,2,0,0,1,3,2,-6,1
22025,203497,0022500089,"Oct 22, 2025",MIN @ POR,W,32,3,4,0.75,0,0,0.0,4,6,0.667,3,3,6,0,0,1,0,6,10,0,1
